Point,Ring1_lon,Ring1_lat,RIng2_lon,Ring2_lat,Ring3_lon,Ring3_lat,Ring4lon,Ring4_lat
1,-1.597711151,55.02945232,-1.604055636,55.02701417,-1.5971269,55.02506931,-1.599892601,55.02658404
2,-1.595020336,55.02816197,-1.59756734,55.0247137,-1.597978736,55.02772532,-1.597755488,55.02584294
3,-1.605589785,55.02520312,-1.600209331,55.02482357,-1.596147921,55.02620997,-1.598911337,55.02676084
4,-1.60160612,55.02929313,-1.599560094,55.02486413,-1.596501713,55.02703967,-1.597161023,55.02644144
5,-1.591725276,55.02688707,-1.592751344,55.02710037,-1.599290393,55.02727402,-1.598481549,55.02682058